[
  {
    "name": ["Sophia Vogt", false],
    "phone": "+6125465654",
    "email": "sophia.vogt-12345@web.de",
    "country": "AU",
    "total_donation": [25,"AUD"],
    "create_date": "Apr 26, 2022"
  },
  {
    "name": ["Yomna", true],
    "phone": "+310636059321",
    "email": "yomna_soliman_@hotmail.com",
    "country": "AU",
    "total_donation": [210,"USD"],
    "create_date": "Apr 26, 2022"
  },
  {
    "name": ["Junaid Akram", true],
    "phone": "+07957904574",
    "email": "junaid_088@hotmail.com",
    "country": "AU",
    "total_donation": [150,"SGD"],
    "create_date": "Apr 26, 2022"
  },
  {
    "name": ["Sugan Hamud", true],
    "phone": "+15072614623",
    "email": "suganhamud1@gmail.com",
    "country": "AU",
    "total_donation": [2300,"EUR"],
    "create_date": "Apr 26, 2022"
  },
  {
    "name": ["Hazem", false],
    "phone": "+6125465654",
    "email": "hae3614@gmail.com",
    "country": "AU",
    "total_donation": [25,"USD"],
    "create_date": "Apr 26, 2022"
  }
]
